__well_num,neftWellopAverageLiquidDebit,neftWellopLiquidDensityTm,neftWellopPumpCurrentFreqTm,neftWellopVolumeWater,value
938,67,969.668,50,80,0.7519416203703704
11,37,935.2,0,72,0.40049074074074076
101,93,0,0,,
3742,28,717.3,54,64,0.2324583333333333
1259,54,52,80,0,
1093,1,0,0,,
3110,5,0,0,,
1637,19,987,50,76.1,0.21704861111111112
1228,54,852,55,85,0.5325
1641,183,0,0,,
527,51,943,48,56,0.5566319444444444
656,36,0,0,,
1128,25,904.5,50,36,0.26171875
1414,23,961.735,50,50,0.25601741898148145
932,217,0,0,,
756,105,0,0,,
201,36,992.75,50,98.1,0.4136458333333333
4627,16,0,0,,
725,82,751.4,47,88,0.7131342592592592
193,21,958.433,50,61,0.2329524652777778
1815,114,948,51,82,1.2508333333333332
1523,71,846.7,52,80,0.6957835648148148
638,71,0,0,,
755,50,909.1,50,77,0.526099537037037
283,115,0,0,,
1413,65,911.077,52,34.1,0.6854167245370371
148,49,50.5,70,0,
173,133,942.5,49,58.5,1.4508391203703703
141,23,921.05,49,59,0.24518692129629627
515,8,898,0,63.2,0.08314814814814815
180,72,743.533,49,78,0.6196108333333333
400,23,959,51,45,0.25528935185185186
1503,1,919,100,50,0.010636574074074074
62,485,717.89,50,99,4.029822337962963
2750,59,958.618,49.5,75,0.6546118287037037
775,24,829.5,100,36.8,0.23041666666666666
883,69,858.333,48,67.2,0.6854742708333333
734,103,971.815,49,74,1.1585294560185186
4532,53,932,51,67.3,0.5717129629629629
3829,274,972,50,98,3.0825
767,80,0,0,,
74,46,0,0,,
583,25,0,0,,
469,126,21031,46,98,30.670208333333335
1279,105,0,0,,
72,63,0,0,,
2309,31,886,50,92.2,0.3178935185185185
1814,179,942,50,85.1,1.9515972222222222
1605,124,0,0,,
1367,114,882,48,90,1.16375
1345,77,979.123,50,86,0.8725980439814816
256р,136,315.306,50,94,0.49631499999999995
479,118,0,0,,
1054,65,0,0,,
951,162,979,50,93.2,1.835625
1635,50,0,0,,
171,17,950,52,59.4,0.1869212962962963
183,25,968.599,51,76,0.2802659143518519
933,47,978.534,48.5,85,0.5323043749999999
61,25,299.536,50,72,0.08667129629629629
649,44,967.604,52,84,0.4927612962962963
477,25,974.346,0,87,0.2819288194444445
496,0,0,,,
27,395,0,0,,
3098,28.2,932.5,50,63,0.3043576388888889
1347,58,947.087,50,50,0.6357759953703704
352,0,0,,,
684,16,959.341,50,64.3,0.17765574074074075
505,104,0,0,,
4550,63,154.5,50,68.4,0.11265625
385,46,0,0,,
517,42,964.2,50,80,0.46870833333333334
6001,30,979.631,50,80.2,0.34014965277777776
935,170,0,0,,
1760,92,1002.872,48,95.8,1.067872962962963
1320,67,882,48.9,78,0.6839583333333333
209,98,819.25,52,80.2,0.9292418981481482
97,295,0,0,,
3863,7,83,0,,
1412,47,955.768,52,71.1,0.5199200925925926
635,200,521.371,50,97,1.2068773148148149
155,188,0,0,,
1304,28,963.796,50.2,59,0.3123412962962963
483,139,95,0,,
940,93,0,0,,
221,39,981.71,0,67.9,0.4431329861111111
1610,165,0,0,,
610,82,0,0,,
421,180,977.5,50,92,2.0364583333333335
401,22,993,49.5,33,0.2528472222222222
1505,57,0,0,,
5,52,787.433,50,75,0.4739180092592593
5в,700,99.9,0,,
128,49,947.5,52,63,0.537355324074074
3828,311,0,0,,
533,6,900.9,50,25,0.0625625
280,35,888.333,50.8,13,0.35985711805555554
23,34,956.25,50,67,0.3763020833333333
2782,77,0,0,,
439,128,0,0,,
919,72,944.122,49,80,0.7867683333333333
1280,100,832.9,49.4,80,0.9640046296296296
870,1,0,0,,
926,59,0,0,,
1746,59,0,0,,
1416,21,881.166,52,16,0.21417229166666668
98,43,941,54,56,0.4683217592592593
980,30,994.567,50,93.5,0.3453357638888889
959,46,899,50,59,0.47863425925925923
4300,172,0,0,,
188,68,642.55,50,70,0.505710648148148
276,49,971.25,0,85.7,0.5508246527777778
2745,60,0,0,,
6,67,929.793,52,85,0.7210200347222222
118,34,0,0,,
4318,0,0,0,,
2304,65,875,47,70.1,0.6582754629629629
2787,21,925.667,51,45,0.22498850694444447
678,112,0,0,,
1504,190,0,0,,
1603,37,985,49.8,89.3,0.42181712962962964
4619,86,0,0,,
1742,15,637,50,76,0.11059027777777777
1604,84,0,0,,
1903,46,958,50,70,0.5100462962962963
124,72,882,0,90,0.735
7,1,0,0,,
3266,87,172,100,81.3,0.17319444444444446
447,265,0,0,,
584,24,100,91,0,
1556,62,959.5,51,71,0.6885300925925926
406,33,0,0,,
577,233,0,0,,
544,175,0,0,,
581,28,943.333,50,95,0.3057097685185185
3786,13,939,50,44.4,0.14128472222222221
1549,14,911,90,50,0.14761574074074074
195,41,45.5,83,0,
629,124,376.632,49,95,0.5405366666666667
466,20,941,50,55,0.2178240740740741
458,77,976,53,90,0.8698148148148148
1340,69,959.36,51,46.3,0.7661555555555555
4609,159,889,49.5,46.2,1.6360069444444445
99,70,0,0,,
3551,166,0,0,,
3821,23,959.5,50,75,0.2554224537037037
4607,65,0,0,,
47,335,0,0,,
100,43,927.5,50,44.8,0.46160300925925923
4615,55,941,52,80.7,0.5990162037037037
908,55,666.5,50,70,0.4242766203703704
451,34,955.667,46.8,58,0.37607266203703704
944,147,891.133,51,91,1.5161637847222222
125,92,882,0,89,0.9391666666666667
3826,1,920,60.2,0.010648148148148148,
710,34,892.1,50,76,0.3510578703703704
308,40,0,0,,
1972,158,50,98,0,
459,163,981,50,89,1.8507291666666668
4549,83,167.5,49,63,0.1609085648148148
2640,146,0,0,,
4601,94,0,0,,
1559,50,0,0,,
1144,36,940,50,62.4,0.39166666666666666
773,112,324.6,46,95,0.4207777777777778
977,58,964.471,50,78,0.6474458101851852
913,21,934.066,50,60.6,0.2270299305555556
585,147,849,50,95,1.4444791666666668
582,26,910,50,37,0.2738425925925926
376,27,834,49.6,68.8,0.260625
4622,124,995.059,49.9,89,1.4280939351851851
503,10,967.48,50,70,0.11197685185185184
300,48,658,50,40,0.3655555555555556
3633,28,940.063,51,56,0.3046500462962963
897,106,666,50,79,0.8170833333333334
873,36,950,50,62.5,0.3958333333333333
1607,155,0,0,,
452,218,0,0,,
1976,275,1013.213,49.5,98,3.224925636574074
537,32,892.875,51,63,0.33069444444444446
470,98,637.35,50,94,0.722920138888889
462,35,0,0,,
442,17,961.047,50,66,0.18909489583333333
1418,30,970.656,49,90.4,0.33703333333333335
1349,150,922.128,51,37,1.6009166666666668
711,109,979,51,90,1.2350810185185186
133,30,992,100,91,0.34444444444444444
878,87,0,0,,
440,190,0,0,,
3264,98,0,0,,
408,23,964,50,76.4,0.2566203703703704
1579,49,877.1,50,88.4,0.4974293981481482
738,38,953,48,65,0.4191435185185185
167,52,0,0,,
4394,186,0,0,,
1344,75,882,50.5,87,0.765625
729,214,995.297,46.5,93,2.4652032175925926
412,20,1114,50,56,0.25787037037037036
415,50,861,98,92,0.4982638888888889
433,22,976.5,104,85,0.24864583333333334
685,29,947.626,0,53.2,0.318068912037037
3117,166,680.4,50,95,1.30725
163,64,942,50,62.2,0.6977777777777778
31,53,0,0,,
1082,39,848.5,51,85.4,0.3830034722222222
1576,146,0,0,,
530,10,0,0,,
3780,60,561.1,46,91,0.3896527777777778
1302,90,0,0,,
723,36,428.1,0,78,0.178375
2688,14,925,100,42,0.14988425925925927
1311,16,0,0,,
1468,25,955,51.1,61.9,0.27633101851851855
403,112,0,0,,
71,48,313.715,49,52,0.1742861111111111
3702,77,553.35,49.5,96,0.4931475694444445
2522,10,1200.867,50,62.3,0.1389892361111111
410,95,947,51,62,1.041261574074074
1004,125,849,50,89,1.2282986111111112
3118,10,876.9,50,59.7,0.10149305555555556
1906,173,957,50,88,1.9162152777777777
4317,40,0,0,,
4606,28,971.48,50,69.1,0.3148314814814815
1550,111,0,0,,
964,1,0,0,,
1476,143,1000.264,47,89.6,1.655529537037037
0,150,974.161,0,0,1.691251736111111
1303,1,0,0,,
441,23,0,0,,
2303,875,48.5,0,,
3106,0,0,,,
948,74,946.5,41.8,65.5,0.8106597222222223
455,76,725.067,50,86,0.6377904166666667
164,126,977,47.5,84,1.4247916666666667
381,22,993.817,0,97,0.25305525462962963
4621,144,0,0,,
486,40,633.259,51,58,0.293175462962963
1611,84,0,0,,
501,109,0,0,,
1577,206,0,0,,
1492,191,0,0,,
428,5,886.714,50,39.2,0.0513144675925926
521,50,978.1,49,87,0.5660300925925926
625,577,0,0,,
495,220,0,0,,
1601,84,0,0,,
1290,180,0,0,,
69,324,0,0,,
29,163,0,0,,
419,34,0,0,,
1623,126,0,0,,
309,53,857,50.2,75,0.5257060185185185
1205,35,0,0,,
2752,51,965.428,50,78,0.5698706944444445
85,8,571.921,50,78.1,0.052955648148148154
1334,52,572.8,45,83,0.34474074074074074
4305,153,0,0,,
712,12,0,0,,
1630,84,976,51,92,0.9488888888888889
6004,33,971.686,51,64.4,0.3711300694444445
1974,129,977.571,50.2,89,1.4595678125
1473,109,0,0,,
70,41,273.462,49.5,82,0.1297678472222222
617,58,868,50,95,0.5826851851851852
449,45,995,50,96,0.5182291666666666
3112,75,634.125,0,67.7,0.5504557291666666
493,148,0,0,,
1113,120,993.25,47.5,86,1.379513888888889
404,11,942,0,45,0.11993055555555555
1385,34,765.1,50,44,0.30108101851851854
4308,30,945.328,50,49.6,0.3282388888888889
578,123,0,0,,
9402,80,945,0,40,0.875
429,1,0,0,,
1126,38,900,50,30,0.3958333333333333
150,101,0,0,,
952,82,966,50,86,0.9168055555555555
199,95,977.219,51,75,1.0744884837962965
2630,10,875,50,63.8,0.10127314814814815
636,73,0,0,,
539,121,0,0,,
628,121,0,0,,
1609,82,0,0,,
620,195,0,0,,
198,83,50,68,0,
136,85,0,0,,
467,17,982,50,90.2,0.19321759259259258
43в,334,99.9,0,,
675,6,0,0,,
1512,40,0,0,,
154,86,48,92,0,
2931,43,856,81,90,0.4260185185185185
132,43,999.5,50,90,0.4974363425925926
714,54,957.2,50,65,0.5982500000000001
3781,52,345.55,50,91,0.20796990740740742
727,45,892.2,0,81,0.4646875
484,59,144.977,44.5,91,0.09900049768518518
96,135,0,0,,
1608,114,971.5,50,90,1.2818402777777778
1006,111,0,0,,
3707,8,953.2,99.5,53,0.08825925925925926
202,1,0,0,,
1165,50,955,51,71,0.5526620370370371
1171,21,928,50,44,0.22555555555555556
4195,23,0,0,,
446,211,0,0,,
3,57,799,48,75,0.5271180555555556
541,8,0,0,,
2699,93,0,0,,
478,72,0,0,,
2744,30,957,50,68,0.33229166666666665
621,26,900.725,50,36,0.2710515046296297
716,8,822.8,50,66.9,0.07618518518518518
1502,104,0,0,,
1017,27,938.6,50,67.8,0.29331250000000003
770,62,781.5,50,90,0.5607986111111111
50в,691,0,0,,
1170,33,923,50.4,38,0.3525347222222222
135,39,890.5,100,15,0.40196180555555555
190,99,0,0,,
4100,27,978.7,52,74,0.30584375
957,30,0,0,,
474,26,958.402,52,63.4,0.28840800925925925
976,45,942.236,53,58.4,0.4907479166666667
4301,90,998.195,50,90.3,1.0397864583333334
1080,56,858.85,48.5,90,0.556662037037037
1561,56,950,50,73,0.6157407407407407
616,34,867,51,95,0.34118055555555554
731,67,980.818,47.5,71,0.7605880324074074
384,37,955.976,50,75,0.4093878703703704
10,310,975.4,49.7,92,3.499699074074074
39,173,939.625,50.2,98,1.8814250578703704
1743,180,0,0,,
882,148,855,50,61.2,1.4645833333333333
795,50,0,0,,
182,56,0,0,,
14,60,953.747,50.2,94,0.6623243055555555
939,37,933.089,52,45,0.3995867245370371
33,402,0,0,,
708,1,0,0,,
350,22,821.05,50,26.5,0.2090636574074074
622,45,0,0,,
540,100,338.886,49.7,88,0.39222916666666674
916,250,0,0,,
1744,81,985.564,50,83,0.9239662499999999
682,41,990.156,49,92,0.4698656944444444
66,45,569.906,99,49.1,0.29682604166666665
662,31,926.177,50,58,0.33230887731481484
499,40,0,0,,
1142,79,963.75,50,78,0.8812065972222223
3632,23,958.455,51,77.6,0.25514427083333335
1168,21,894,50,20,0.21729166666666666
550,74,0,0,,
105,40,961.547,47,78,0.4451606481481482
720,83,993,49.8,90.5,0.9539236111111111
12,35,794.033,49.1,75,0.32165688657407404
5801,71,960.5,51,82,0.7892997685185185
473,33,945.784,58,54.2,0.36123694444444443
618,258,0,0,,
2306,89,870,44.7,47,0.8961805555555555
2755,30,0,0,,
1544,43,858.05,0,30,0.42703877314814814
6002,15,948.08,53,57.4,0.16459722222222223
1636,59,911,50,43,0.6220949074074074
1506,72,964,47.5,82,0.8033333333333333
1348,9,952.684,50,68,0.09923791666666666
688,42,967.684,51,76.2,0.4704019444444444
25,49,940.3,54,48,0.5332719907407407
1018,60,0,0,,
32,211,0,0,,
4611,43,905,50,39.7,0.4504050925925926
509,64,750.03,50,90,0.5555777777777777
405,71,999.863,50,99,0.8216466782407408
3064,140,0,0,,
781,8,0,0,,
5800,39,943.5,50,25,0.4258854166666667
575,145,0,0,,
911,89,671,50,76,0.6911921296296296
172,54,945,50.2,60,0.590625
732,123,0,0,,
3844,13,0,0,,
1346,82,965.511,51,77.4,0.9163414583333334
104,29,942.5,50,57.2,0.31634837962962964
413,33,0,0,,
68,328,672.046,94,97,2.5512857407407408
60,64,896.2,50,90,0.6638518518518519
978,39,0,0,,
3954,200,0,0,,
739,66,986.5,47.5,94,0.7535763888888889
679,42,1012.71,51,92,0.49228958333333334
1162,33,910,51.5,34,0.34756944444444443
1521,48,754.4,50,76,0.4191111111111111
1979,171,985.422,51,95,1.950314375
9401,129,959,50,65,1.4318402777777777
489,84,966.09,103.9,93,0.9392541666666666
661,14,935.089,100,65,0.15151905092592594
151,83,877.1,50,45,0.8425844907407408
53,206,300.637,48.5,96,0.716796550925926
48,1,0,0,,
153,51,822.7,50,75,0.48562152777777784
546,50,970.733,48.5,80,0.5617667824074073
37,250,780,44.5,95,2.2569444444444446
4603,34,0,0,,
542,12,972.817,50,76.2,0.13511347222222223
57,54,0,0,,
553,90,0,0,,
947,36,976.5,100,90.4,0.406875
45,183,0,0,,
418,31,949,50,78,0.3404976851851852
194,14,952.499,50,60.5,0.15434011574074075
416,23,934.5,51,50,0.2487673611111111
437,48,966.567,50,35.3,0.5369816666666667
751,21,971.286,50,64.3,0.2360764583333333
1628,93,961,50,84.3,1.0344097222222222
2743,72,968,0,80,0.8066666666666666
1122,107,949,51,77,1.1752662037037036
142,60,936,50,81,0.65
1745,78,986.616,91,82,0.8906949999999999
4302,20,909.005,50,34,0.21041782407407406
516,56,0,0,,
3267,101,0,0,,
960,57,0,0,,
6000,28,0,0,,
557,164,484.642,48.5,94,0.9199223148148148
3635,22,989.383,50,72.7,0.25192622685185184
1545,46,0,0,,
83,228,0,0,,
898,115,0,0,,
119,290,0,0,,
204,159,799.75,47.5,90.4,1.4717621527777778
673,140,0,0,,
665,52,0,0,,
654,55,0,0,,
1622,123,942,49,79.2,1.3410416666666667
4625,65,0,0,,
170,36,895,50,46.2,0.3729166666666667
7в,1300,0,0,,
1507,62,0,0,,
109,45,0,0,,
954,60,0,0,,
123,67,882,50,79,0.6839583333333333
759,20,0,0,,
3827,279,0,0,,
6005,35,958.779,50,54.2,0.38839427083333333
705,104,476.4,102,92.1,0.5734444444444444
386,30,948.495,54,63,0.32933854166666665
955,43,895,50,36.5,0.4454282407407407
6006,47,0,0,,
552,26,0,0,,
969,29,901,51,39,0.3024189814814815
3108,40,944.102,48.1,57,0.43708425925925926
677,57,170.667,51,66.5,0.1125928125
2301,15,878,50,70,0.15243055555555557
758,83,968.1,50,73,0.9300034722222222
1634,98,0,0,,
637,29,546.25,96.3,90,0.18334780092592592
923,139,0,0,,
1904,182,0,0,,
525,0,0,,,
77,160,0,0,,
904,54,0,0,,
1817,107,168,52.3,65.3,0.20805555555555555
38,295,393.671,49.5,96,1.3441313078703703
4614,35,923,95,37,0.373900462962963
103,62,0,0,,
40,75,934.167,0,98,0.8109088541666668
4304,66,999.104,54.5,97,0.7632044444444445
3822,56,0,0,,
1907,17,967.5,50,78.3,0.19036458333333334
1411,112,0,0,,
316,56,0,0,,
1602,95,971,51,81.2,1.067650462962963
1575,42,0,0,,
304,1,0,0,,
934,21,893.7,50,53,0.21721875000000002
181,254,0,0,,
63,104,0,0,,
306,17,784,50,55,0.15425925925925926
676,160,953,50,80.5,1.7648148148148148
706,79,725.2,52,80.7,0.663087962962963
602,26,936.8,50,42,0.2819074074074074
13,135,749.7,50,90,1.17140625
445,27,0,0,,
1513,151,977,50,95,1.707488425925926
1206,138,52,90,0,
4228,14,940,50,36,0.15231481481481482
1902,122,987,53,92,1.3936805555555556
1495,12,0,0,,
1638,89,955,0,76.4,0.983738425925926
480,265,0,0,,
757,53,0,0,,
721,45,935,50,60,0.4869791666666667
3631,43,990.589,50,94.4,0.49300146990740745
875,44,934,51,75.9,0.47564814814814815
518,26,955.7,52,60,0.2875949074074074
764,44,814.65,100,90.6,0.41486805555555556
735,130,0,0,,
717,33,894.6,50,60,0.3416875
611,156,0,0,,
707,75,736.5,91,82.9,0.6393229166666666
502,6,731.2,97,37,0.05077777777777778
761,42,783.9,51,65,0.38106249999999997
1816,146,967,50,92.1,1.634050925925926
1232,146,0,0,,
453,300,0,0,,
168,46,947,50,67.4,0.5041898148148148
302,43,767,50,61,0.381724537037037
921,51,0,0,,
271,26,902.667,50,30,0.27163590277777777
2600,101,0,0,,
3094,2,0,0,,
547,145,0,0,,
84,20,805.596,50,55,0.18648055555555557
1169,85,991,48,95,0.9749421296296297
1813,152,958,50,88.2,1.6853703703703704
4618,47,935,51.5,72.5,0.5086226851851852
407,13,0,0,,
1289,93,0,0,,
1417,40,876.309,0,14,0.4056986111111111
2818,62,958,51,85,0.6874537037037037
946,15,875.967,50,20,0.15207760416666666
920,47,0,0,,
145,60,0,0,,
1469,28,0,0,,
571,55,925,0,92,0.5888310185185185
588,18,965,50,82.8,0.20104166666666667
668,42,0,0,,
395,6,978.11,0,50,0.06792430555555555
909,69,672.5,49,76,0.5370659722222222
3708,62,0,0,,
1229,150,0,0,,
765,58,736.7,50,86.5,0.49454398148148154
4223,71,963,46,89,0.7913541666666667
653,26,941.45,50,45,0.28330671296296295
754,12,0,0,,
963,28,913,50,37,0.2958796296296296
1606,123,961,49,82.3,1.3680902777777777
176,181,0,0,,
444,35,0,0,,
313,1,0,0,,
465,19,984,51,94,0.21638888888888888
9,36,0,0,,
3703,72,664.6,53,92,0.5538333333333334
215р,80,1000,50,95,0.9259259259259259
771,15,986.431,50,67.9,0.17125538194444445
760,39,852,100,85,0.38458333333333333
1164,43,932,51,47,0.4638425925925926
460,43,998,50,98,0.49668981481481483
1522,30,0,0,,
196,119,50,95,0,
4353,200,0,0,,
4610,116,0,0,,
450,0,0,,,
461,7,0,50,46,0
949,84,927.5,87,64,0.9017361111111111
281,62,0,0,,
9404,153,51,98,0,
1291,90,960.4,56,83,1.0004166666666667
1973,160,0,0,,
88,540,0,0,,
1555,52,935,52,60,0.5627314814814814
538,35,947.728,55,47,0.38391759259259256
134,62,993,97,90,0.7125694444444445
65,30,353.653,50,76,0.12279618055555555
1343,77,952.304,50,58.3,0.8486968518518518
752,50,0,0,,
4181,45,847.5,51.5,52,0.44140625
1552,27,514,50.5,72,0.160625
2786,67,0,0,,
500,125,0,0,,
950,15,963.5,0,72,0.16727430555555556
3820,29,991,0,96,0.33262731481481483
1980,23,50,86.3,0,
2302,72,870,47,95.2,0.725
1640,158,0,0,,
2790,54,953.667,50,80,0.596041875
871,65,876,52,32,0.6590277777777778
411,24,945,50,35,0.2625
315,16,860,50,72.6,0.15925925925925927
1233,194,0,0,,
784,46,0,0,,
487,49,584.506,0,86,0.3314906712962963
44В,268,0,0,,
925,6,83,0,,
961,83,94,93,0,
1111,164,992.2,50,93.2,1.8833425925925928
138,26,891.3,50,43.4,0.26821527777777776
1620,73,927,55,60.2,0.7832291666666666
1910,221,0,0,,
659,1,0,0,,
601,6,920.4,50,22,0.06391666666666666
614,158,971,49.5,97,1.7756712962962964
1639,455,0,0,,
1007,205,0,0,,
166,60,884,50,30.4,0.6138888888888889
613,55,203.167,47.5,94,0.1293308449074074
1500,33,961,50,78,0.3670486111111111
718,7,947.5,0,34,0.0767650462962963
475,25,974.583,50,73,0.28199739583333333
574,85,0,0,,
534,78,0,0,,
1470,14,710,50,43,0.1150462962962963
424,348,969,48,95,3.9029166666666666
4626,36,943.711,50,58.4,0.39321291666666663
876,43,962,50,75,0.47877314814814814
120,185,882,50,96,1.8885416666666666
736,37,957.5,48.5,78,0.4100405092592593
4624,72,0,0,,
492,142,776.9,49.5,97,1.276849537037037
3864,9,86,0,,
965,52,0,0,,
650,68,0,0,,
2788,41,967.667,53.5,78,0.4591938310185185
162,87,253.167,48.5,92,0.25492510416666664
139,41,0,0,,
146,60,894,50,62,0.6208333333333333
4235,15,948.304,52,40,0.1646361111111111
310,21,871,50,90,0.2117013888888889
1911,93,993,53,94.2,1.0688541666666667
26,126,957.6,50,97,1.3965
905,135,0,0,,
573,16,913.667,50,30,0.1691975925925926
609,38,0,0,,
1260,149,0,0,,
953,10,0,0,,
1909,186,0,0,,
456,150,0,0,,
20в,518,0,0,,
1078,39,895.6,48,72,0.4042638888888889
606,44,990,50,94,0.5041666666666667
891,45,929,50,45,0.48385416666666664
73,152,0,0,,
468,224,974,50.5,95,2.525185185185185
434,39,957,50,80,0.4319791666666667
890,62,979,51,67.4,0.7025231481481482
626,12,906.55,99,31,0.12590972222222221
1508,121,976,49,91.1,1.3668518518518518
974,58,956.51,54.5,70.2,0.6421016203703704
2784,250,0,0,,
87,32,256.783,50,63,0.09510481481481482
686,252,993.172,50,96.1,2.896751666666667
17,75,694.4,85,54,0.6027777777777777
131,41,882,45.5,80,0.41854166666666665
1433,128,0,0,,
1633,81,956,47.1,80.2,0.89625
549,67,455.235,45.5,95,0.3530178819444445
2631,126,167.5,48.5,90.8,0.24427083333333333
140,116,0,0,,
640,36,0,0,,
126,163,0,0,,
1407,98,0,0,,
4224,5,0,0,,
28,167,0,0,,
22,45,923.561,55,62,0.4810213541666667
184,130,0,0,,
1501,19,935,50,46,0.20561342592592594
570,125,0,0,,
1383,89,773.5,50,70,0.7967766203703703
912,83,0,0,,
931,77,0,0,,
55,492,0,0,,
4616,17,895,100,30,0.17609953703703704
1557,91,939,49.5,78,0.9889930555555555
497,196,0,0,,
463,125,980.5,50.6,96,1.4185474537037037
750,40,976.883,49,79.1,0.45226064814814815
766,40,955.5,50,74,0.4423611111111111
3700,72,0,0,,
966,36,909,50,43,0.37875
1300,124,0,0,,
737,42,0,0,,
6007,148,0,0,,
3630,37,940.985,50,66,0.4029681134259259
4221,16,842,50,50.2,0.1559259259259259
663,50,976.26,96,91.5,0.5649652777777778
730,124,0,0,,
1384,148,0,0,,
1551,48,926,52,50,0.5144444444444445
4630,49,944.082,52,44,0.5354168749999999
1077,35,0,0,,
3190,92,1004.75,50,98,1.0698726851851852
414,40,993.747,0,98,0.4600680555555555
576,590,0,0,,
482,132,0,0,,
968,86,969,50,94,0.9645138888888889
567,60,865.333,48,40,0.6009256944444444
143,119,0,0,,
648,9,882.117,50,14,0.0918871875
6572,76,963.734,50.5,72,0.8477289814814815
464,83,0,0,,
1625,79,0,0,,
877,61,960,50,86.5,0.6777777777777778
1578,25,0,0,,
741,115,0,0,,
173р,108,882,0,95,1.1025
3099,1,0,0,,
457,104,0,0,,
158,106,50,93,0,
402,40,940,50,75,0.4351851851851852
409,17,1132,50,40,0.22273148148148147
36,324,194,42,97,0.7275
763,57,938.3,48.5,63.8,0.619017361111111
768,88,866.7,51,80,0.88275
1600,29,962,51,72,0.3228935185185185
820,42,1000.125,0,93,0.486171875
572,39,983,50,90,0.44371527777777775
937,60,0,0,,
522,18,0,0,,
881,87,0,0,,
2742,65,951.333,50,72,0.7157019097222221
4303,5,0,0,,
3265,120,0,0,,
454,50,971.771,50,92,0.5623674768518518
681,255,0,0,,
769,31,960.421,50,82,0.3445954976851852
311,15,869,100,80,0.15086805555555555
435,118,986,48,95,1.3466203703703703
1223,5,844,50,53,0.04884259259259259
1493,118,788.2,47,83.1,1.076476851851852
972,33,0,0,,
655,25,886.249,50,17,0.25643778935185185
956,53,0,0,,
192,84,993.681,50,88,0.96607875
664,3,66.18,0,,
294,5,916,48,17.8,0.053009259259259256
660,85,0,0,,
122,101,0,0,,
3701,36,0,0,,
380,34,1010,50,97,0.3974537037037037
1471,19,0,0,,
1230,12,873,50,73,0.12125
3116,206,859.933,49.5,92.3,2.050303217592593
56,62,281.474,50,93,0.2019836574074074
599,390,0,0,,
4629,70,1005.37,44,66,0.8145358796296296
76,82,346.247,50,97,0.32861405092592594
1341,240,0,0,,
529,146,19383,50,94,32.753680555555555
608,89,0,0,,
4623,40,0,0,,
2754,42,960.971,47,72,0.4671386805555556
1342,62,927.103,50,37.7,0.6652822453703704
551,47,0,0,,
4354,290,0,0,,
2969,25,975.018,51,57.3,0.2821232638888889
579,16,0,0,,
1366,47,882,50,81,0.47979166666666667
1626,150,952,54,81,1.6527777777777777
1224,42,0,0,,
872,140,0,0,,
1970,0,0,,,
1908,122,0,0,,
1040,0,0,0,,
1114,190,0,0,,
1272,187,0,0,,
1312,147,0,0,,
2686,29,0,0,,
4101,30,931.853,52,47.6,0.32356006944444443
927,21,933.501,52.5,61.5,0.22689260416666668
1163,20,954,52,62,0.22083333333333333
4612,117,0,0,,
1005,48,0,0,,
1560,39,940,53,60,0.42430555555555555
896,100,0,0,,
1123,78,947.5,50,68,0.8553819444444445
1574,73,659.45,51,68.1,0.5571741898148149
641,71,0,0,,
1386,37,637.65,50,75.5,0.2730677083333333
1632,93,0,0,,
4,237,0,0,,
1270,168,0,0,,
4600,59,979.539,49,78.4,0.6688981597222222
776,14,0,0,,
713,37,925,50,67,0.3961226851851852
485,49,991.668,45,95,0.5624043055555557
127,6,0,0,,
2780,245,982.667,50,91,2.7864978587962965
80,57,218.498,51,98,0.1441479861111111
569,65,0,0,,
2746,29,1067,50,60,0.35813657407407407
504,163,0,0,,
1475,153,987.614,50,83,1.7488997916666669
35,73,0,0,,
644,17,0,0,,
16,22,0,0,,
488,28,0,0,,
1613,21,941.4,51,62,0.22881249999999997
110,13,923,50,35.1,0.13887731481481483
107,820,99.9,0,,
726,10,0,0,,
206,83,0,0,,
3113,101,793.8,50,78.7,0.9279374999999999
2300,54,875,52,59.2,0.546875
772,32,892.6,50,17.7,0.3305925925925926
733,203,0,0,,
619,69,982,51,96,0.7842361111111111
3955,19,0,0,,
4613,48,887,51,44.5,0.49277777777777776
8,32,912.23,51.5,74,0.337862962962963
2749,67,0,0,,
383,112,0,0,,
448,5,75,0,,
880,122,0,0,,
34,210,950.5,51,94,2.3102430555555555
6003,38,1007.539,92,98,0.44313057870370365
652,26,925.9,50,40.1,0.2786273148148148
2305,17,888,50,28,0.17472222222222222
786,33,946.511,51,62.5,0.3615146180555555
924,82,849.667,49,85,0.8063969212962964
1758,30,0,0,,
910,63,0,0,,
906,15,642,50,40.2,0.11145833333333334
130,111,0,0,,
1621,85,0,0,,
879,27,899.5,50,17,0.28109375
1900,55,972.5,50,90,0.6190682870370371
1028,20,864.8,50,76,0.2001851851851852
971,76,969,50,86,0.8523611111111111
748,12,921,50,45,0.12791666666666668
220,11,0,0,,
719,21,933,51,62.6,0.22677083333333334
197,112,0,0,,
722,131,0,0,,
627,1,922,50,45,0.010671296296296297
683,168,0,0,,
86,228,0,0,,
1220,22,870.4,50,88,0.22162962962962962
20,214,965.987,48,95,2.392606689814815
680,65,1001.207,49,95,0.7532228587962964
5999,55,954.657,50,65.4,0.6077098958333333
580,60,868,48,90,0.6027777777777777
2781,188,975.333,53,90,2.122252361111111
762,29,806.6,49,77.5,0.2707337962962963
1415,34,955.372,50,64.3,0.37595657407407407
498,78,968.6,50,86,0.8744305555555556
1756,63,50,90,0,
1978,21,97,0,,
523,30,686.625,50,83,0.23841145833333333
18,73,0,0,,
481,268,0,0,,
4617,20,877,51.5,77,0.20300925925925925
3114,200,0,0,,
436,53,973,49.5,89,0.5968634259259259
901,83,670.5,47,75,0.6441145833333334
962,38,936,50,60,0.4116666666666667
3817,113,972.333,0,93,1.2716855208333333
513,43,905.85,48.5,85,0.450828125
4620,51,939.46,60,53,0.5545423611111111
186,43,995.651,50,85,0.49552075231481474
907,73,0,0,,
1249,28,982.5,50,85,0.31840277777777776
191,47,996.856,47.2,89,0.5422712037037036
3552,115,977.5,50,94,1.3010706018518519
4229,20,0,0,,
494,203,986.899,48,97,2.318755752314815
79,355,0,0,,
715,144,0,0,,
490,170,0,0,,
1,84,0,0,,
149,116,866.85,50,91.2,1.163826388888889
2310,110,864,42,90,1.1
1631,36,985,50,89.4,0.41041666666666665
1055,176,0,0,,
598,22,874,50,78,0.2225462962962963